the,451
I,353
to,300
and,238
a,229
,229
of,154
it,149
for,134
is,133
my,129
that,117
in,113
magazine,112
this,100
not,97
was,92
have,89
on,82
subscription,68
National,65
be,60
with,58
but,58
Geographic,56
they,54
you,53
has,53
as,49
received,45
issues,44
me,43
one,42
The,41
or,41
been,38
from,38
issue,38
at,36
read,34
can,33
are,33
about,32
no,32
get,29
magazine.,27
just,27
It,27
will,27
when,26
only,26
would,26
them,26
more,26
Amazon,25
all,25
like,25
This,25
up,24
their,23
same,23
time,23
never,23
articles,22
so,22
subscription.,22
used,22
now,22
great,21
Kindle,21
by,21
first,21
out,21
year,21
than,20
if,20
They,20
already,19
your,19
NG,19
had,19
back,18
Not,18
magazines,18
an,18
through,18
since,17
any,17
months,17
into,17
should,17
ordered,17
old,16
new,16
two,16
don't,16
go,16
very,16
then,16
do,16
good,16
over,15
it's,15
order,15
am,15
its,14
it.,14
science,14
years,14
too,14
article,14
some,14
still,14
because,14
money,14
much,13
after,13
what,13
3,13
digital,13
got,13
copy,13
last,13
subscribe,12
It's,12
reading,12
No,12
longer,12
even,12
three,12
kindle,12
love,12
app,12
review,12
better,12
take,11
going,11
want,11
we,11
getting,11
way,11
receive,11
publication,11
content,11
If,11
there,11
paid,10
I've,10
I'm,10
disappointed,10
political,10
A,10
customer,10
ago,10
pictures,10
years.,10
But,10
access,10
other,10
And,10
purchased,10
told,10
bought,10
being,9
service,9
yet,9
really,9
issues.,9
download,9
these,9
left,9
My,9
give,9
interesting,9
2,9
Nat,9
another,9
.,9
little,8
-,8
were,8
lot,8
need,8
version,8
gift,8
day,8
gone,8
tried,8
world,8
cancelled,8
may,8
know,8
enjoyed,8
12,8
subscribed,8
how,8
issue.,8
When,8
didn't,8
people,8
started,8
Now,8
once,8
However,8
off,8
which,8
see,8
find,8
while,8
month,8
renew,8
Geo,8
directly,8
become,8
start,8
written,7
subscriber,7
took,7
weeks,7
problem,7
think,7
does,7
before,7
Then,7
publication.,7
well,7
scientific,7
worth,7
Fire,7
whole,7
price,7
several,7
available,7
quality,7
trying,7
he,7
Don't,7
time.,7
December,7
Great,7
must,7
What,7
facts,6
articles.,6
takes,6
something,6
could,6
every,6
our,6
Very,6
site,6
history,6
liberal,6
nothing,6
this.,6
such,6
website,6
June,6
around,6
In,6
sure,6
change,6
again.,6
enjoy,6
asked,6
6,6
year.,6
can't,5
next,5
also,5
Magazine,5
Amazon.,5
anything,5
made,5
print,5
past,5
right,5
product,5
subject,5
use,5
turn,5
buying,5
sad,5
turned,5
down,5
one.,5
those,5
Just,5
geography,5
address,5
Fox,5
Singapore,5
she,5
went,5
star,5
canceled,5
year's,5
here,5
NatGeo,5
older,5
So,5
late,5
problem.,5
lost,5
make,5
long,5
call,5
store,5
Have,5
pay,5
free,5
until,5
instead,5
review.,5
deal,5
receiving,5
downloaded,5
Why,5
environmental,5
national,5
look,5
far,5
always,5
credit,5
less,5
ever,5
show,4
TO,4
who,4
many,4
recommend,4
day.,4
says,4
July,4
view,4
garbage,4
rate,4
times,4
came,4
nature,4
renewing,4
NOT,4
comes,4
past.,4
recent,4
me.,4
found,4
for.,4
ones,4
There,4
loved,4
cancel,4
website.,4
edition,4
You,4
offer,4
Too,4
forward,4
February,4
keep,4
mail,4
using,4
October,4
now.,4
November,4
source,4
20,4
Shame,4
won't,4
check,4
junk,4
send,4
us,4
try,4
given,4
He,4
As,4
fire,4
staff,4
grew,4
Thanks,4
warming,4
stories,4
social,4
world.,4
stuff,4
run,4
iPad,4
away,4
course,4
having,4
his,4
most,4
disappointed.,4
address.,4
charged,4
end,4
I'll,4
writing,4
entire,4
come,4
2017,4
Pictures,4
showed,4
able,4
goes,4
almost,4
reviewer,4
opinion,4
guess,4
experience,4
best,4
early,4
Rupert,4
few,4
second,4
cover,4
information,4
gave,3
considered,3
today.,3
page.,3
i,3
reason,3
that.,3
2010,3
pages,3
work.,3
hoping,3
save,3
during,3
granddaughter,3
Good,3
:(,3
seeing,3
pushing,3
waited,3
via,3
on.,3
more.,3
politically,3
haven't,3
waiting,3
lately,3
biased.,3
March,3
treated,3
contents,3
material.,3
leftist,3
seems,3
based,3
felt,3
$19,3
subscribing,3
removed,3
where,3
itself,3
1,3
NO,3
thought,3
online,3
photos,3
How,3
prefer,3
sent,3
physical,3
global,3
choice,3
appropriate,3
Gender,3
stars,3
great.,3
tablet,3
August,3
might,3
part,3
loves,3
say,3
person,3
Used,3
wing,3
THIS,3
local,3
reviews,3
These,3
First,3
total,3
reader,3
anymore.,3
full,3
boy,3
mostly,3
taken,3
Well,3
NGM,3
Still,3
IS,3
quit,3
One,3
wait,3
hope,3
seem,3
due,3
poor,3
makes,3
Something,3
buy,3
name,3
you're,3
later,3
phone,3
rating,3
info,3
picked,3
Will,3
2009.,3
That's,3
current,3
arrive,3
Persian,3
finally,3
however,3
informative,3
Their,3
subscriptions,3
reputation,3
direct,3
system,3
open,3
propaganda,3
news,3
worthless,3
Geographic.,3
without,3
own,3
read.,3
away.,3
Nothing,3
interest,3
support,3
amount,3
rather,3
billing,3
here.,3
beautiful,3
let,3
January,3
Jan,3
We,3
including,3
page,3
ads,3
App,3
sending,3
high,3
waste,3
Ordered,3
recently,3
feel,3
For,3
highly,2
signed,2
definitely,2
is.,2
be.,2
All,2
IT.,2
was.,2
Totally,2
choose,2
slant,2
cloud,2
multiple,2
small,2
fill,2
near,2
HDX,2
girl,2
single,2
purchasing,2
why,2
8,2
photo,2
remain,2
Apparently,2
cultural,2
Would,2
picture,2
Georgraphic,2
correct,2
beauty,2
dedicated,2
topless,2
hadn't,2
much.,2
prior,2
anywhere,2
professional.,2
religious,2
garage,2
paper,2
insightful,2
five,2
September,2
wonderful,2
Hard,2
had.,2
latest,2
regard,2
brought,2
insight,2
cheaper,2
century.,2
myself,2
absolutely,2
catch,2
piece,2
with.,2
expect,2
forgotten.,2
heavily,2
expected,2
Nat.,2
pages.,2
replaced,2
scientific.,2
true,2
help,2
dont,2
interested,2
tipping,2
card,2
ended,2
ads.,2
NG.,2
$15,2
usually,2
effort,2
hard,2
politics,2
agenda,2
Check,2
gotten,2
ago.,2
purchase,2
called,2
published,2
living,2
renewal,2
needs,2
paying,2
text,2
fox,2
green,2
line,2
especially,2
Geo.,2
cannot,2
STILL,2
matter,2
couldn‚Äôt,2
though,2
better.,2
number,2
missed,2
"""transgender""",2
tell,2
Are,2
smaller,2
agenda.,2
scam.,2
email,2
Okay,2
vs,2
post,2
fine,2
straight,2
easily,2
edition.,2
magazines.,2
animals,2
scam,2
Gulf,2
9,2
process,2
device,2
shadow,2
Basically,2
15,2
that's,2
women.,2
Soc.,2
trees,2
Digest,2
wrong,2
arrived,2
FDA,2
business,2
sense,2
luck,2
supported,2
stupid,2
publisher,2
decided,2
month.,2
version.,2
Geographic's,2
began,2
across,2
lousy,2
months.,2
geographic,2
human,2
hold,2
bit,2
REALLY,2
electronic,2
telling,2
strange.,2
OK,2
geo,2
point,2
library,2
twice,2
AND,2
shipping,2
everything,2
environment,2
oil,2
ask,2
account,2
idea,2
different,2
She,2
Oh,2
GMOs,2
copy.,2
reports,2
weeks.,2
consider,2
Some,2
type,2
days,2
option,2
cause,2
surface,2
did,2
nice,2
value,2
Save,2
probably,2
vendor,2
itself.,2
half,2
Web,2
medium,2
purchase.,2
natgeo,2
2015,2
ruins,2
kept,2
weren't,2
wonder,2
Could,2
:),2
7,2
tribes,2
wish,2
against,2
husband,2
Murdoch,2
contact,2
vision,2
ideas,2
often,2
powerful,2
Iran.,2
have.,2
be....,2
See,2
That,2
whatever,2
mags.,2
etc.,2
parts,2
10,2
opinions.,2
remember,2
move,2
UK.,2
faithful,2
wasn't,2
happen,2
couple,2
To,2
postal,2
care,2
advertising,2
done,2
Never,2
Didn't,2
Even,2
beginning,2
expensive,2
deep,2
companies,2
else,2
decades,2
rag.,2
once.,2
rag,2
soon,2
wont,2
enjoyable,2
Does,2
son's,2
thanks.,2
mag,2
Other,2
Only,2
Step,2
Received,2
proper,2
stated,2
Cancelled,2
march.,2
topics.,2
research,2
serious,2
disco,2
Such,2
media,2
concerns,2
yet.,2
completely,2
mailing,2
radical,2
big,2
others,2
depth,2
bummed,2
claiming,2
food,2
service.,2
amazing,2
BE,2
date.,2
finished,2
tired,2
isn't,2
today,2
nearly,2
November.,2
Arabian,2
trash,2
membership,2
nor,2
quickly,2
(,2
delivered,2
Im,2
Murdock,2
contacted,2
covers,2
Mag,2
1st,2
pretty,2
short,2
promoting,2
thing,2
face,2
week,2
Hope,2
Singapore.,2
back.,2
gets,2
Is,2
miss,2
MAGAZINE,2
unbiased,2
everyone,2
topic.,2
you.,2
corrected.,2
force,2
Of,2
showing,2
12.9,1
importantly,1
break,1
fall,1
Ok,1
expose,1
whatsoever,1
cheat,1
auto-answer,1
morons.,1
regarded,1
island,1
50,1
irrational,1
gray,1
reorder,1
we'd,1
since.,1
expires.,1
iran,1
Frankly,1
body,1
At,1
MONEY,1
please..,1
noticed,1
missed.,1
porn‚Äù,1
offering,1
update,1
receives,1
Two,1
channel,1
pass.,1
dislike,1
disappear,1
family.,1
PDf,1
phone.,1
ends.,1
came.,1
HURLEY<br/>410,1
2-plus,1
repetitive,1
Sorry,1
disco.,1
discover,1
fat,1
request.<br/><br/>I,1
extraordinary,1
inquired,1
pain.,1
SJWs,1
‚Äúlimited,1
interviews,1
"archives,now",1
ELECTRONIC,1
rhetoric/politics,1
(download,1
exact,1
lack,1
apple.<br/><br/>Peak,1
commentary.,1
hesitate,1
times.<br/>This,1
yr,1
nat,1
system.,1
documentation,1
Love,1
amazed,1
US,1
part.,1
hate,1
switching,1
lobby's,1
Wise,1
condition.,1
thrown,1
USA.,1
ad,1
creatures,1
influence,1
relevant,1
diagrams,1
list.,1
Sad,1
doll.ars,1
official,1
just<br/>a,1
photographs,1
gonna,1
shouldn't,1
Besides,1
well.,1
Further,1
Interview,1
circumcision,1
sided,1
charge,1
seventeen,1
inside.,1
evaluate.,1
renew.,1
appreciate.,1
renews,1
help.her,1
$20.,1
sales.,1
Tried,1
actual,1
bumholer,1
"think,as",1
set,1
lives,1
article.,1
consistent,1
Fourth,1
touches.,1
rain,1
mammal,1
me.I,1
hassle.,1
monthly,1
repeatedly,1
terrible,1
MAKE,1
imagine,1
collection,1
August.,1
Luckily,1
"balanced""",1
automatically,1
Shortly,1
transaction,1
weigh,1
supposed,1
nonsense.,1
re-evaluate.,1
useless,1
Several,1
defeats,1
stand,1
anyways.,1
pains,1
video,1
allowed.,1
Entertaining,1
passes,1
Personally,1
satisfied,1
Partners,1
newspaper,1
resource,1
morphed,1
difficult.,1
picture.,1
SPENDING,1
age,1
thinner,1
Need,1
century,1
infantilized.,1
engrained,1
crushes,1
Mayday,1
converted,1
neutral,1
"""People",1
types,1
projects.<br/><br/>After,1
endangered,1
"""partner""",1
crazy,1
Thanks.,1
stopped.,1
JUST,1
kind,1
though.,1
spaced,1
longer.,1
respected,1
thousands,1
realized,1
LIBERAL,1
stacks,1
figure,1
Yeah,1
presenting,1
loose,1
fetish,1
new/future,1
interests.,1
Al,1
prints,1
go.,1
bad,1
(regarding,1
kids,1
PLEASE,1
STRONGLY,1
paper.,1
millennials,1
CIA,1
doesn't,1
indepth,1
response.,1
environmentalists,1
Super,1
purlieu,1
artical,1
LLC.,1
Sick,1
doors,1
products.,1
offline,1
result.<br/><br/>Good,1
Same,1
Talked,1
$15/year,1
Pretty,1
expressed,1
.That's,1
Expect,1
captured,1
see.<br/><br/>Con:<br/>preaching,1
science.,1
encounter,1
stars:<br/>5,1
around.,1
preachiness,1
30,1
quaint,1
extension,1
societal,1
soul,1
sensitive,1
Poor,1
Seems,1
low,1
confused,1
essence,1
Orderd,1
anybody,1
Sure,1
they‚Äôre,1
0801,1
lies.,1
need.,1
"Fire""",1
respond;,1
manner.,1
FOR,1
HD.,1
C'mon,1
s,1
subscribtion.<br/>.<br/>The,1
Wasn't,1
"Oil""",1
doubts.,1
Storied,1
accurate,1
Better,1
recently.,1
till,1
each,1
downhill.,1
admit,1
collect,1
April,1
16,1
stopped,1
stories.,1
pattern,1
doubt,1
states,1
Evolution.<br/><br/>There,1
Revolution,1
result,1
Wouldn't,1
audacity,1
editorial,1
anymore.<br/><br/>Also,1
transgenders.,1
buck.,1
teacher,1
volume,1
promote,1
didnt,1
station,1
HURLEY,1
pick,1
kinda,1
EXPERIENCE,1
mind-numbing,1
Print,1
label,1
response,1
mixture,1
It‚Äôs,1
man,1
Unless,1
thinks,1
despite,1
book.,1
Having,1
frozen,1
transport.,1
dealing,1
World,1
Since,1
1965,1
tibet,1
POINT,1
(I,1
format,1
declined,1
produces.,1
appears,1
documentaries,1
differently,1
town,1
independently,1
ICP,1
sum,1
re,1
POTUS,1
OK.,1
built,1
close,1
resent,1
Funeral,1
heard,1
recommending,1
1800's,1
journalism.,1
button,1
refund,1
periodical.,1
proud,1
amazon's,1
Reading,1
bogus,1
idiots,1
inexplicably,1
re-subscribed,1
on.I,1
error.,1
awkward,1
suppose,1
wasteful.,1
polarizing,1
momey,1
I‚Äôm,1
also.,1
coming,1
intended,1
"""Kindle",1
driven,1
born,1
dishonest.,1
40,1
months.<br/>I,1
recycle,1
regular,1
ON,1
example:,1
toward,1
Trying,1
slow,1
unhappy,1
DESCARGARSE,1
SEND,1
app.,1
dumping,1
dodgy,1
1year,1
birthday,1
office,1
faces,1
grandstanding.,1
Kind,1
friend,1
degradation.,1
United,1
form,1
breasts,1
compensated,1
either,1
exploit,1
EN,1
unlikely,1
else.,1
gifted,1
joke,1
girls,1
thick,1
younger,1
SCAN.,1
papers,1
memory.,1
hope).<br/>What,1
frigging,1
it?<br/><br/>Thank,1
Amazon's,1
trash.,1
sometimes.(The,1
Its,1
While,1
enjoy.,1
proof,1
records,1
commune.,1
climate,1
"""slanted""",1
$49.,1
device.,1
resemblance,1
marine,1
thirty,1
happens,1
woman,1
comment,1
discount,1
text.,1
BUT,1
selling,1
facts.<br/><br/>If,1
tubes,1
OLD,1
Newsweek's,1
Really,1
1990s,1
list,1
incompetent,1
geographis,1
one.....,1
organization,1
chair.The,1
ASAP.<br/><br/>MANY,1
again.<br/><br/>Update:,1
someone,1
toilet.,1
w/,1
forgot,1
through.,1
13,1
Sierra,1
self,1
ashamed,1
doesnt,1
accept,1
appeal,1
simply,1
graphic‚Äôs,1
Bad.,1
entertaining,1
"improved""",1
unable,1
lacking.,1
challenge,1
deceived.,1
mag.,1
shop,1
present.,1
magazine.<br/><br/>Revised,1
clicking,1
Thank,1
joining,1
saying,1
injecting,1
wait.....Very,1
amazons,1
'wise',1
anyway.<br/><br/>National,1
stars.,1
box.,1
department.,1
son.,1
Scientific,1
completely.,1
relentless.,1
cancelled.,1
Gore,1
sociology,1
Geogrphic,1
representative,1
following,1
1/2,1
Unfortunately,1
pleasurable,1
plunged,1
refund.,1
avoiding,1
issue...three,1
Cant',1
trial,1
"""collection",1
sponsors,1
defending,1
shelf,1
posted,1
mouth,1
inclination,1
curiosity,1
misleading,1
theories,1
lots,1
explorers,1
options.,1
21st,1
KindlePC,1
Grographic.,1
cool,1
givethe,1
borrow,1
hipster,1
reads.,1
robbing,1
versa.,1
CC,1
computers,1
uploaded.,1
top,1
SIX,1
Wonka,1
Evolution.,1
letter,1
friends.,1
amazon,1
bodies,1
now.<br/>Don't,1
sister,1
constructs,1
started.,1
photography.,1
Mecia,1
Had,1
would've,1
evolutio,1
barred,1
TV.,1
through....,1
News,1
case,1
Owned,1
false,1
slightly,1
Millan,1
nonsense,1
defect.,1
lot.,1
48,1
connections.,1
Teen,1
remote,1
international,1
time:,1
audience,1
advertised.,1
manner,1
"Sept,Oct",1
terms,1
go-to,1
Global,1
wrapper,1
third,1
Odd,1
...I,1
shocked,1
Sad.,1
discourse,1
deals,1
held,1
levels.<br/><br/>Neither,1
involved,1
Reader's,1
READING,1
None,1
magazine.<br/><br/>But,1
sucks,1
lose,1
USED,1
anti-U.S,1
tribe,1
modern,1
AVAILABLE,1
lowest,1
ripped,1
attitude,1
trees.,1
fate,1
watch,1
worse,1
issue.<br/>Can,1
$19.<br/>If,1
Do,1
Son,1
writer,1
auto,1
Amazon<br/><br/>Please,1
member,1
happily,1
MAGAZINES,1
--,1
changed,1
giving,1
enter,1
things,1
sick,1
LA,1
stops,1
publishing,1
know.,1
Flat,1
in-depth,1
arround,1
don‚Äôt,1
emailed,1
referance,1
represent,1
grabber.,1
tablet.,1
reached,1
diluted,1
Transgender,1
serial,1
reminding,1
availability.,1
elderly,1
Useless;,1
looking,1
stream,1
initiative,1
fed,1
bill,1
lame.,1
deferred,1
delay,1
FARM<br/>BRISTOL,1
THERE,1
1/6th,1
HDX.,1
gender,1
wasted.,1
job,1
drivel,1
permanently,1
"""claim""",1
enslaved,1
evil,1
lacks,1
conclusion,1
abysmal.,1
FEB,1
nonsensical,1
US.,1
devoted,1
Far,1
May,1
bureaucratic,1
Website,1
allows,1
"source""",1
‚Äúwoods,1
school,1
yes,1
"""notices""",1
July..,1
Quite,1
NATIONAL,1
MISSES,1
preachy,1
advancing,1
nations,1
men,1
too.,1
history..,1
frustration,1
Furious,1
somehow,1
HORRIBLE,1
CHANGE,1
4,1
shiped,1
refer,1
can't.,1
refunded,1
contacted.,1
protection,1
sacrilege.,1
enough,1
biased,1
photos.,1
July.,1
a<br/>Bunch,1
accidentally,1
proven,1
track,1
means,1
w,1
above,1
wouldn't,1
shill,1
insulted,1
maps,1
along,1
justify,1
archives,1
tradition,1
phones.,1
posting,1
bit.<br/><br/>It's,1
lists,1
promo,1
basically,1
topic,1
included,1
ONE,1
violating,1
isues,1
glad,1
PRESENT,1
bite,1
perspective,1
3-4,1
learning,1
ratings,1
dwell,1
Maybe,1
taudry,1
anyway.<br/>I,1
mother,1
wondering,1
VERY,1
combine.,1
expired,1
$12.00.,1
and<br/>Persistent,1
e-mail,1
Low,1
warped,1
attention,1
delightful,1
Unfortunate.,1
occasional,1
original,1
"""National",1
Tired,1
destroying,1
tasteful,1
naked,1
(which,1
additions,1
online.,1
quarter,1
"name,same",1
load,1
Foundation,1
subscriptio,1
(.pdf),1
"""Gender",1
EVER,1
HOPE!<br/>A,1
most.,1
suck,1
Disappointed,1
(now,1
upon,1
integrity,1
extra,1
'science',1
before.,1
Progressive,1
topics,1
"age""",1
"brain""",1
own.,1
scientists),1
vehicle.,1
son,1
"""new",1
story,1
concerned,1
Over,1
variety,1
willing,1
it...you'll,1
renewal.,1
loong,1
fiction.,1
permit,1
joke.,1
fire.,1
one-year,1
Fanoe.,1
anti-science,1
spending,1
stellar,1
magazine's,1
upgrade,1
Murdoch.,1
Let,1
state.,1
address.<br/>I,1
bait.,1
browser,1
magazine;,1
aborigines,1
eaten,1
liberals.,1
please,1
again,1
Despite,1
available.,1
HD,1
turns,1
cliff..,1
sorely,1
previous,1
depression.,1
liberalism,1
GMOs.,1
looked,1
logging,1
complaint,1
cooking,1
source.,1
propaganda.,1
news.,1
well.<br/>However,1
entirety,1
amassing.<br/>Never,1
READ,1
Three,1
20th,1
excited,1
impromptu,1
armor,1
outlets,1
rock,1
wasn't.,1
Got,1
fell,1
short.,1
him,1
n,1
NORTH,1
wanted,1
Nary,1
4/2011<br/><br/>Now,1
way.,1
whom,1
layoff,1
anything.,1
where‚Äôs,1
6/22/08.,1
periodical,1
prepare,1
New,1
Interestingly,1
led,1
objective,1
brief,1
programs,1
assumed,1
trusted,1
Pro,1
offered,1
Please,1
Photos,1
retrieve,1
withdraw,1
Geo..,1
def.,1
hung,1
warned,1
AGENDA,1
heaps,1
cities.,1
we've,1
Amazon.com.,1
Club,1
help.,1
REVISTA,1
verified,1
swipes,1
informed.,1
Called,1
style,1
smugness,1
60s.This,1
Terrible,1
decades.,1
oceans,1
nudes.,1
08/01,1
70's.,1
States,1
all.,1
developed,1
wrote,1
saw,1
newspapers,1
sheer,1
3/5,1
Yuk,1
Kindle.,1
Fire.<br/><br/>National,1
equipment,1
'kindle,1
questionable,1
truth,1
instructions,1
Henry,1
shame,1
WANTED,1
delivery,1
recieved,1
male,1
provable,1
Vogue,1
Jpeg,1
WAS,1
MY,1
did't,1
faked.,1
conservatives',1
decline,1
door,1
me.<br/>It,1
history.They,1
sites,1
intrest,1
unfortunate,1
straight.,1
father's,1
thoroughly,1
avoid,1
notices,1
dollars,1
News.,1
act.,1
boring,1
bias,1
THE,1
present,1
advertise,1
seriously.,1
MB),1
user.,1
least,1
per,1
turning,1
inspiration,1
far.,1
faked,1
dead,1
motnhs,1
navigate,1
left‚Äù,1
preached,1
coming.,1
immediately,1
culture,1
shame<br/>There,1
placed,1
drift),1
Changed,1
uber-leftist,1
Slow,1
points,1
renaming,1
removing,1
travels.,1
sale,1
chooses,1
person's,1
Bad,1
mid,1
come.,1
1971.,1
(i,1
portraying,1
wastbog,1
children.,1
initially,1
to.,1
information.,1
flash,1
fine.,1
policies,1
pop,1
Decades,1
weapon.<br/><br/>Price,1
tries,1
boooooooooooo!booooooooooo,1
Nov,1
tool,1
MUCHO,1
stuff.,1
complained,1
'signing,1
Delves,1
4-6,1
THEORY,1
ordering,1
collecting,1
environmently,1
difficult,1
hired,1
refused,1
genetic,1
includes,1
Actually,1
seen,1
people's,1
middleman.,1
music,1
Crime,1
anyone,1
"""fair",1
deal..,1
provide,1
versions,1
ocean,1
us.,1
offers,1
childrens',1
subscripton,1
anti-fire,1
eroded,1
construct.,1
owner,1
agree,1
download.,1
App.,1
village,1
Geo.but,1
Iran,1
Billionaire,1
ASAP.,1
expiring...,1
included.,1
Islamic,1
know?...I,1
her,1
Initial,1
activated,1
place,1
matter.Just,1
improve.,1
race.,1
mind,1
actors.,1
holds,1
situation,1
30years,1
quite,1
advertised,1
front,1
loaded,1
re-sending,1
sucking,1
future,1
Wonderful,1
advocated,1
stifle,1
minor,1
"""family""",1
'cities'.,1
civilisations,1
can..,1
four,1
advertisements,1
starts,1
"""man-made""",1
Arab,1
GREAT,1
forget,1
screen.,1
manage,1
Feb.,1
2000).,1
DNA,1
Vice,1
yet.......Dont,1
drain.,1
Impossible,1
climbing,1
whales,1
happy,1
order.,1
02809<br/><br/>IT,1
corrupt,1
politics.,1
articals,1
notice,1
advance.,1
advertisers,1
cent.,1
Cesar,1
scheduled,1
20's.,1
out.,1
feature,1
children,1
dear,1
deleted,1
"Geographic""",1
notions,1
WRONG,1
subscription..<br/>For,1
supporting,1
fixes,1
now).,1
book,1
company,1
$10.00,1
"refuse""",1
park,1
advance,1
speak,1
Fact,1
management,1
Faux,1
features,1
"""an",1
it...,1
obviously,1
expected.,1
predictions,1
sold,1
Geographics,1
checked,1
unacceptable.,1
snailmain,1
honor,1
Evolution,1
believe,1
rails.,1
olds,1
Cannot,1
reliable,1
Thought,1
53,1
warned:,1
usable.,1
aren't,1
faithfully,1
HE,1
movement.,1
problems,1
2nd,1
editing,1
"""Shipped""",1
resolved.,1
fourth,1
(late,1
family,1
timely,1
midst,1
complete,1
business.,1
mailbox,1
wound,1
Saved,1
Way,1
reflect,1
gift.<br/><br/>Thanks.<br/><br/>Diane,1
previosly,1
agendas,1
image,1
kindling,1
characterized,1
Theory,1
talked,1
GOOD,1
Where,1
socially,1
unscientific,1
therefore,1
Felt,1
selected,1
disgrace.,1
breathtaking,1
apps.,1
forth.,1
üò†,1
notified,1
geographic.,1
(Novembers),1
varied,1
Update,1
minds,1
2006,1
asking,1
instituted,1
evolution.,1
dollars.,1
blew,1
Weak,1
nasty,1
bending,1
ONLY,1
awhile,1
magazine<br/>1,1
pulled,1
honesty,1
noticing,1
Garbage.<br/>Another,1
tomorrow,1
charge.,1
international.,1
kid,1
father,1
maker/distributor,1
main,1
windows.,1
grade,1
country,1
perspective.,1
"current,there's",1
American,1
basis,1
basement,1
McCartney...really.,1
Persian.,1
viewpoints.,1
live,1
editions,1
spank,1
failure,1
MORE,1
theyt,1
sign,1
readers.,1
later).,1
takeover,1
unsold,1
seek,1
"app,no",1
"Revolution""",1
it-,1
rename,1
displeased,1
amazing.,1
safety,1
usual.,1
supposedly,1
jerk,1
junk.,1
Christmas,1
natural,1
times.,1
correctness.,1
minutes.<br/>Not,1
android,1
cumbersome,1
subject.,1
images,1
purchased.,1
Complete,1
clouded,1
AVENUE<br/>NORTH,1
days.,1
Started,1
"THANKS,<br/><br/>RICHARD",1
reinstalling,1
disguised,1
water).<br/>There,1
title,1
edition',1
mighty,1
4.<br/>Furthermore,1
sea,1
2011.,1
Dad,1
Absolute,1
addressed,1
Changing,1
oldest,1
he's,1
Kindly,1
opinion;,1
neck,1
2017.,1
Havent,1
statements,1
steer,1
installed,1
investigate,1
Earther,1
<br/><br/>If,1
motorcycling,1
"Magazine""",1
affiliation,1
issue....,1
reporting,1
facts.,1
(Geographica).<br/>The,1
users,1
J.,1
express,1
advertising.,1
DVDs,1
masquerading,1
handyman,1
$71,1
louder,1
wanting,1
feedback,1
censored,1
alone.,1
prison,1
2011),1
hill.,1
mysteriously,1
enjoying,1
hailed,1
I'd,1
Instead,1
"""ice",1
(3),1
reader.,1
arrived.,1
required,1
agenda...,1
trust,1
promising,1
dad.,1
paragraph,1
recomend,1
lean,1
status,1
her.,1
pegged,1
focused,1
NEVER,1
Wildlife,1
encountered,1
&gt;250,1
improved,1
picks,1
Murdoch's,1
gulf,1
gripe,1
further.,1
"""outside",1
2016,1
SD,1
ve,1
$5,1
means.,1
European,1
november.,1
ability,1
disappointing.,1
sell,1
views,1
geographer,1
Remember,1
Keep,1
mention,1
reach,1
was.<br/>I,1
material,1
mother's,1
On,1
fired.,1
organizations,1
After,1
wonders,1
hill,1
countries,1
grandmother,1
it.<br/><br/>I,1
ridiculous,1
session,1
petition,1
real,1
misinformation,1
travel,1
areas,1
evidence,1
"""geography",1
mailbox.,1
hour,1
stole,1
Iranians,1
weeks..I,1
confirmation,1
medicine.,1
years.<br/>The,1
there's,1
seriously,1
originally,1
Willy,1
popular,1
homes,1
season,1
count,1
decades.<br/>Pro:<br/>Pictures,1
dialog,1
imperialistic,1
"""petting""",1
dad,1
subscibed,1
thin,1
Small,1
focusing,1
point.....that,1
Fairly,1
TWO,1
supervisor.,1
"""reduced""",1
degraded,1
wold.,1
incorrect,1
Ubangi,1
ton,1
propaganda.<br/>In,1
OF,1
tha,1
But...it,1
real.,1
funny,1
dry,1
knew,1
secret:,1
"Nov.9,received",1
disappointing,1
year..,1
misdirected,1
additive,1
"September,and",1
application,1
techs,1
can‚Äôt,1
behavior.,1
orders.,1
neither,1
Real,1
disappointment.,1
structures,1
over.,1
ADDRESS,1
onto,1
Most,1
error,1
arriving,1
they're,1
biggest,1
discounted,1
08/23,1
Old,1
5,1
antediluvian.,1
historians,1
deleting,1
opportunity,1
seriously-,1
kills,1
usally,1
DON'T,1
sound,1
pictures.<br/>Many,1
headline,1
$12/year...,1
outstanding.,1
women,1
garbage.,1
R.I.,1
familiar,1
appear,1
bills,1
gardens,1
disgusting,1
America,1
extremely,1
They've,1
playing,1
Absolutely,1
Problem,1
hubby‚Äôs,1
Did,1
MAGAZINE.,1
publisher's,1
disappoints.,1
daughter-in-law,1
gloss,1
orginial,1
SUPER,1
previously,1
favorite,1
wasted,1
relationship,1
machine.,1
IN,1
later.,1
going.,1
renewed,1
cover.,1
Fischer,1
POLITICAL,1
regularly...,1
done.,1
"""evil""",1
Every,1
mislead,1
.Very,1
indicates,1
30th,1
point.,1
Lincoln's,1
allow,1
Media,1
VERSION,1
practice.,1
moved.,1
geographical,1
critics,1
you'll,1
caught,1
finding,1
alternative,1
mission,1
bother,1
news.<br/><br/>Do,1
transfer,1
transgender.,1
equal,1
11/24/09,1
u,1
Frustrated,1
largest,1
1900's,1
Train.,1
devolved,1
stuff.<br/>I'd,1
re-subscribe,1
Asian,1
humble,1
January.,1
anymore...,1
boys,1
plenty,1
person.,1
"many,many",1
should.,1
1961,1
"department.""",1
wrong.,1
amazon.,1
peace,1
solve,1
above.,1
=,1
$39,1
landscape,1
cup,1
sale),1
enough.,1
7-Eleven.,1
sailing,1
spread,1
advertisement,1
"""purchase""",1
Articles,1
Paul,1
"""deals""",1
isolated,1
TARDA,1
fish,1
interactive,1
supervisor,1
little.,1
canceling,1
Discovery,1
money.,1
tarted,1
medium.,1
subscription.Won't,1
students,1
Air.,1
content.,1
yrs.ago,1
conservation.,1
bin,1
Aerial,1
kooky,1
:-(,1
established,1
wider,1
institution,1
excellent.,1
hijacked,1
ready,1
Gulf.,1
money...well,1
WHOLESALE,1
excellent,1
stick,1
behind,1
subscribers.,1
group,1
path,1
visual,1
throw,1
firing,1
photographies.,1
nothing.<br/>I,1
leave,1
fair,1
2014.,1
fix,1
decided.<br/>Need,1
buy<br/><br/>4.15.16,1
Website.,1
thing.,1
plus,1
dust.,1
row,1
featured,1
fifteen,1
tea.,1
Was,1
degenerated,1
Turkey,1
certain,1
afford,1
cancellation,1
people).,1
typos,1
training,1
advocating,1
From,1
Luck,1
opinions,1
headaches.,1
statement.,1
base,1
production.<br/><br/>They,1
Northwest),1
province,1
curious,1
publications,1
PC,1
owned,1
statas,1
horrific,1
designers,1
ways,1
spectacular.,1
hi-tech,1
elite.,1
it'll,1
editors,1
60's.,1
fraud,1
Before,1
specially,1
fallen,1
callwasjust,1
becaming,1
properly,1
(December,1
belittle,1
vendors,1
tricked,1
concerted,1
long.,1
log,1
still.,1
management<br/>of,1
couldn't,1
month;,1
Also,1
did.,1
"for,awhile",1
(if,1
blunt,1
guess.,1
library.,1
By,1
2014,1
regret,1
"year,whenever",1
slipped,1
sticks,1
Beautiful,1
reviews.,1
them.,1
presents,1
requester.),1
arises.,1
books,1
happened,1
carrying,1
taking,1
Day,1
filled,1
2018,1
side,1
with<br/>The,1
application.,1
lifetime,1
species.,1
moved,1
Cancelling,1
failing,1
generated,1
salmon,1
same!<br/><br/>When,1
possible,1
reason.,1
environmetalist,1
subsequently,1
Mine,1
luck.They,1
convenient,1
places,1
be.<br/>Wouldn't,1
rec'd,1
dingy,1
authorities,1
"NEPHEW,<br/><br/>CHRISTOPHER",1
Persia,1
$10,1
2015.,1
reputable,1
"""Geographic""",1
TV,1
descent,1
encourage,1
Dec,1
fight,1
minutes,1
aspects.,1
marked,1
generations,1
pc,1
format.,1
true.,1
former,1
‚ÄúTV,1
teenager,1
interesting.,1
valuable.,1
failures,1
common,1
Puts,1
s.ix,1
(that,1
Parents,1
option.,1
potray,1
vice,1
Iranian,1
ashamed.,1
guest.<br/><br/>But,1
Grandparents,1
up',1
Afterwards,1
price..,1
advantage.,1
it‚Äôs,1
writers,1
failed,1
lying,1
cost.,1
comfort,1
yawn,1
12.,1
Samsung,1
noneresonable,1
holiday,1
major,1
Father's,1
Once,1
agenda.<br/><br/>There,1
GEOGRAPHIC,1
forests.,1
thinking,1
provided,1
replace,1
changing,1
devices,1
rectify,1
CHRISTMAS,1
photography,1
unsolicited,1
awful.,1
letdown,1
happy.,1
smoothly.,1
down.,1
bug,1
sometimes,1
home,1
spoken,1
publication's,1
counting,1
comes.,1
regardless,1
liking...,1
rolling,1
leans,1
"""Peak",1
web,1
promised,1
safe.,1
glory,1
Look,1
largely,1
seller-intermediary.,1
sodomite,1
deceived,1
Guide!‚Äù,1
